category,image_urls,images,name
"storage,memory card,portable ssd,male,man,person,adult,human,laptop,pc,computer,electronics,credit card,text,female,girl,kid,child,head,face,Free stock photos",https://images.unsplash.com/photo-1719937206255-cc337bccfc7d?fm=jpg&q=60&w=3000&ixlib=rb-4.0.3&ixid=M3wxMjA3fDB8MHxwaG90by1wYWdlfHx8fGVufDB8fHx8fA%3D%3D,"[{'url': 'https://images.unsplash.com/photo-1719937206255-cc337bccfc7d?fm=jpg&q=60&w=3000&ixlib=rb-4.0.3&ixid=M3wxMjA3fDB8MHxwaG90by1wYWdlfHx8fGVufDB8fHx8fA%3D%3D', 'path': 'A man sitting at a table with a laptop and cell phone-31a0cf02ffb7a8945b12d319523db9e68b04258c.jpg', 'checksum': 'ed6de4595dccb179e35e5896a038fdee', 'status': 'downloaded'}]",A man sitting at a table with a laptop and cell phone
"desert,stone,rock,nature,outdoors,mesa,ground,scenery,mountain,mountain range,peak,Free stock photos",https://images.unsplash.com/photo-1731902062588-4dce45ccc0cb?fm=jpg&q=60&w=3000&ixlib=rb-4.0.3&ixid=M3wxMjA3fDB8MHxwaG90by1wYWdlfHx8fGVufDB8fHx8fA%3D%3D,"[{'url': 'https://images.unsplash.com/photo-1731902062588-4dce45ccc0cb?fm=jpg&q=60&w=3000&ixlib=rb-4.0.3&ixid=M3wxMjA3fDB8MHxwaG90by1wYWdlfHx8fGVufDB8fHx8fA%3D%3D', 'path': 'A large rock formation in the middle of a desert-f48f3d492aba360019485d6ef69f2fe335df5899.jpg', 'checksum': 'e505d28abc51bda1658f65798cf361a3', 'status': 'downloaded'}]",A large rock formation in the middle of a desert
"desert,pink boots,cowboy hat,cowboy boots,road trip,western,cowboy,Free images",https://plus.unsplash.com/premium_photo-1730828574071-eae47eb75061?fm=jpg&q=60&w=3000&ixlib=rb-4.0.3&ixid=M3wxMjA3fDB8MHxwaG90by1wYWdlfHx8fGVufDB8fHx8fA%3D%3D,"[{'url': 'https://plus.unsplash.com/premium_photo-1730828574071-eae47eb75061?fm=jpg&q=60&w=3000&ixlib=rb-4.0.3&ixid=M3wxMjA3fDB8MHxwaG90by1wYWdlfHx8fGVufDB8fHx8fA%3D%3D', 'path': 'A woman in a blue dress and pink cowboy boots-2ddee5f4d71178c805aec18f807012e9b2439d45.jpg', 'checksum': 'e96f60833f91172a8d375c9e8b1bf2c8', 'status': 'downloaded'}]",A woman in a blue dress and pink cowboy boots
"adult,bride,female,human,person,wedding,woman,window,face,head,christmas,christmas decorations,festival,wheel,windowsill,Free images",https://images.unsplash.com/photo-1731223833554-878a8225cd5c?fm=jpg&q=60&w=3000&ixlib=rb-4.0.3&ixid=M3wxMjA3fDB8MHxwaG90by1wYWdlfHx8fGVufDB8fHx8fA%3D%3D,"[{'url': 'https://images.unsplash.com/photo-1731223833554-878a8225cd5c?fm=jpg&q=60&w=3000&ixlib=rb-4.0.3&ixid=M3wxMjA3fDB8MHxwaG90by1wYWdlfHx8fGVufDB8fHx8fA%3D%3D', 'path': 'A window that has a bunch of ornaments in it-bdfeba18460980fc143065334ad57c9bd72c02a2.jpg', 'checksum': 'da20ef77d3891f67e5988a6014e844e8', 'status': 'downloaded'}]",A window that has a bunch of ornaments in it
"experimental,fashion,pastel colors,minimalist,posing,concept,modern,unrecognizable,woman,contemporary,blur,blouse,pajamas,sandal,human,person,standing,female,girl,teen,Public domain images",https://images.unsplash.com/photo-1732007443584-851c68020e37?fm=jpg&q=60&w=3000&ixlib=rb-4.0.3&ixid=M3wxMjA3fDB8MHxwaG90by1wYWdlfHx8fGVufDB8fHx8fA%3D%3D,"[{'url': 'https://images.unsplash.com/photo-1732007443584-851c68020e37?fm=jpg&q=60&w=3000&ixlib=rb-4.0.3&ixid=M3wxMjA3fDB8MHxwaG90by1wYWdlfHx8fGVufDB8fHx8fA%3D%3D', 'path': 'A man standing in front of a white wall-796aaa21d2e584372678feb11cbbbd9c96e5505f.jpg', 'checksum': '6a33484bff2638413d579d14bafe1ff8', 'status': 'downloaded'}]",A man standing in front of a white wall
"house,housing,porch,pants,deck,adult,human,man,male,person,door,chair,furniture,indoors,interior design,portico,wood,denim,jeans,Free pictures",https://images.unsplash.com/photo-1731341711718-8696ebc3a2cb?fm=jpg&q=60&w=3000&ixlib=rb-4.0.3&ixid=M3wxMjA3fDB8MHxwaG90by1wYWdlfHx8fGVufDB8fHx8fA%3D%3D,"[{'url': 'https://images.unsplash.com/photo-1731341711718-8696ebc3a2cb?fm=jpg&q=60&w=3000&ixlib=rb-4.0.3&ixid=M3wxMjA3fDB8MHxwaG90by1wYWdlfHx8fGVufDB8fHx8fA%3D%3D', 'path': 'A man standing on the porch of a house-ff13300fcfb472a0a21bbf0bd1108cc5640b7cc2.jpg', 'checksum': 'eb8c03495fd11156bff6ac6c3a26a097', 'status': 'downloaded'}]",A man standing on the porch of a house
"desert,stone,national park,rock,nature,outdoors,ground,cliff,scenery,mountain,wilderness,valley,mesa,soil,plant,Free stock photos",https://images.unsplash.com/photo-1731902062633-1496d7bcf95c?fm=jpg&q=60&w=3000&ixlib=rb-4.0.3&ixid=M3wxMjA3fDB8MHxwaG90by1wYWdlfHx8fGVufDB8fHx8fA%3D%3D,"[{'url': 'https://images.unsplash.com/photo-1731902062633-1496d7bcf95c?fm=jpg&q=60&w=3000&ixlib=rb-4.0.3&ixid=M3wxMjA3fDB8MHxwaG90by1wYWdlfHx8fGVufDB8fHx8fA%3D%3D', 'path': 'A large rock formation in the middle of a desert-83f14da99542f8a330e40659f27b0275405095bb.jpg', 'checksum': '0f8e7ff5b45fcd2812499653c5a54944', 'status': 'downloaded'}]",A large rock formation in the middle of a desert
"maldives,arecaceae,palm tree,tree,nature,outdoors,sky,summer,Creative Commons images",https://images.unsplash.com/photo-1731935923419-53a7994520be?fm=jpg&q=60&w=3000&ixlib=rb-4.0.3&ixid=M3wxMjA3fDB8MHxwaG90by1wYWdlfHx8fGVufDB8fHx8fA%3D%3D,"[{'url': 'https://images.unsplash.com/photo-1731935923419-53a7994520be?fm=jpg&q=60&w=3000&ixlib=rb-4.0.3&ixid=M3wxMjA3fDB8MHxwaG90by1wYWdlfHx8fGVufDB8fHx8fA%3D%3D', 'path': 'A palm tree on a beach with a blue sky in the background-258c6acd96f8405094a21d5bc564852b2eb7f63c.jpg', 'checksum': '5e2af849e2fa53b4b0aa45c4030c0ce6', 'status': 'downloaded'}]",A palm tree on a beach with a blue sky in the background
"hà nội,hanoi,vietnam,christmas,decoration,cute cat,cat,white,tree,santa claus,noel,holiday,christmas tree,christmas background,christmas decorations,festival,human,person,bottle,shaker,Free stock photos",https://images.unsplash.com/photo-1732332411020-ce8d1d88f251?fm=jpg&q=60&w=3000&ixlib=rb-4.0.3&ixid=M3wxMjA3fDB8MHxwaG90by1wYWdlfHx8fGVufDB8fHx8fA%3D%3D,"[{'url': 'https://images.unsplash.com/photo-1732332411020-ce8d1d88f251?fm=jpg&q=60&w=3000&ixlib=rb-4.0.3&ixid=M3wxMjA3fDB8MHxwaG90by1wYWdlfHx8fGVufDB8fHx8fA%3D%3D', 'path': 'A white table topped with white christmas trees-170461dc153201e3ce57b7a7c38f228d6aa7cf49.jpg', 'checksum': '3258ce4e86f4720e569f56db00a6d161', 'status': 'downloaded'}]",A white table topped with white christmas trees
"bled,slovenia,analog photography,analog photo,shot on film,analogue photo,film photo,analogue photography,film photography,nature,outdoors,scenery,vegetation,lake,water,tree,landscape,forest,land,woodland,Public domain images",https://images.unsplash.com/photo-1731437519637-747bb78a0217?fm=jpg&q=60&w=3000&ixlib=rb-4.0.3&ixid=M3wxMjA3fDB8MHxwaG90by1wYWdlfHx8fGVufDB8fHx8fA%3D%3D,"[{'url': 'https://images.unsplash.com/photo-1731437519637-747bb78a0217?fm=jpg&q=60&w=3000&ixlib=rb-4.0.3&ixid=M3wxMjA3fDB8MHxwaG90by1wYWdlfHx8fGVufDB8fHx8fA%3D%3D', 'path': 'A lake surrounded by trees with a house on it-6e7e5d4a040a68c10c3bb67b4c2e26458ac6c200.jpg', 'checksum': 'bd6db210e9aa11e18ab1254c0ad06792', 'status': 'downloaded'}]",A lake surrounded by trees with a house on it
"morning tea,cuppa,tea leaves,cup of tea,tea,Public domain images",https://plus.unsplash.com/premium_photo-1732018941995-64612d94991c?fm=jpg&q=60&w=3000&ixlib=rb-4.0.3&ixid=M3wxMjA3fDB8MHxwaG90by1wYWdlfHx8fGVufDB8fHx8fA%3D%3D,"[{'url': 'https://plus.unsplash.com/premium_photo-1732018941995-64612d94991c?fm=jpg&q=60&w=3000&ixlib=rb-4.0.3&ixid=M3wxMjA3fDB8MHxwaG90by1wYWdlfHx8fGVufDB8fHx8fA%3D%3D', 'path': 'A table topped with a notebook and a cup of tea-7dd877f5d80fa5aec95ad5326d6cbe9d67eff580.jpg', 'checksum': '310e56effc7aab7ccbbf333c8ee02fbc', 'status': 'downloaded'}]",A table topped with a notebook and a cup of tea
"digital image,futuristic design,fantasy setting,fantasty world,fantasy,futuristic,otherworldly,surreal,escapism,imaginary,3d render,render,3d,Public domain images",https://plus.unsplash.com/premium_photo-1732283132754-daee0ffcad4b?fm=jpg&q=60&w=3000&ixlib=rb-4.0.3&ixid=M3wxMjA3fDB8MHxwaG90by1wYWdlfHx8fGVufDB8fHx8fA%3D%3D,"[{'url': 'https://plus.unsplash.com/premium_photo-1732283132754-daee0ffcad4b?fm=jpg&q=60&w=3000&ixlib=rb-4.0.3&ixid=M3wxMjA3fDB8MHxwaG90by1wYWdlfHx8fGVufDB8fHx8fA%3D%3D', 'path': 'A futuristic building in the middle of a desert-708411d2ed003a73a09a57f11d27d07731f17a11.jpg', 'checksum': '9879940d2ba8e8dde2984a39a423d98f', 'status': 'downloaded'}]",A futuristic building in the middle of a desert
"gulfoss,islanda,water,nature,gold,white aesthetic,spring,ray,sunrise aesthetic,sunrise,waterfall,stream,snow,scenery,landscape,clouds sky,heaven,golden background,gold aesthetic,gold background,Creative Commons images",https://images.unsplash.com/photo-1730459024772-5eed9b324e90?fm=jpg&q=60&w=3000&ixlib=rb-4.0.3&ixid=M3wxMjA3fDB8MHxwaG90by1wYWdlfHx8fGVufDB8fHx8fA%3D%3D,"[{'url': 'https://images.unsplash.com/photo-1730459024772-5eed9b324e90?fm=jpg&q=60&w=3000&ixlib=rb-4.0.3&ixid=M3wxMjA3fDB8MHxwaG90by1wYWdlfHx8fGVufDB8fHx8fA%3D%3D', 'path': 'A large body of water sitting on top of a hill-6be42b5f859ce8f022c3edd2670a428e3c665a8c.jpg', 'checksum': '252141acf3f9f486a1fdb59a59a6760c', 'status': 'downloaded'}]",A large body of water sitting on top of a hill
"people,portrait,newborn,motherhood,new mother,people at home,newborn photography,newborn baby,face,head,human,person,photo,photography,baby,asleep,sleeping,HD Wallpapers",https://images.unsplash.com/photo-1732051842183-6c459aab5e9a?fm=jpg&q=60&w=3000&ixlib=rb-4.0.3&ixid=M3wxMjA3fDB8MHxwaG90by1wYWdlfHx8fGVufDB8fHx8fA%3D%3D,"[{'url': 'https://images.unsplash.com/photo-1732051842183-6c459aab5e9a?fm=jpg&q=60&w=3000&ixlib=rb-4.0.3&ixid=M3wxMjA3fDB8MHxwaG90by1wYWdlfHx8fGVufDB8fHx8fA%3D%3D', 'path': 'A close up of a person holding a baby-8c047465675e6c74991c4f355b29602eabc004ea.jpg', 'checksum': 'f8653f2f08f8d3e1a4de8a2d7acc5d43', 'status': 'downloaded'}]",A close up of a person holding a baby
"beach hut,polaroid photo,instant photo,instant film,coastal,travel,sea,beach,polaroid,Free pictures",https://plus.unsplash.com/premium_photo-1732286938878-a45d599a62db?fm=jpg&q=60&w=3000&ixlib=rb-4.0.3&ixid=M3wxMjA3fDB8MHxwaG90by1wYWdlfHx8fGVufDB8fHx8fA%3D%3D,"[{'url': 'https://plus.unsplash.com/premium_photo-1732286938878-a45d599a62db?fm=jpg&q=60&w=3000&ixlib=rb-4.0.3&ixid=M3wxMjA3fDB8MHxwaG90by1wYWdlfHx8fGVufDB8fHx8fA%3D%3D', 'path': 'A polaroid photograph of a house with a blue sky in the background-7df1aa6ecff761ce3aa9edd536363ee6ce949741.jpg', 'checksum': '0d2ebb9ed7491a650d4384d77ec01140', 'status': 'downloaded'}]",A polaroid photograph of a house with a blue sky in the background
"travel,scotland travel,scotland,scottish landscape,nature,exploring,outdoor,Public domain images",https://plus.unsplash.com/premium_photo-1731952275307-416815ca7c8a?fm=jpg&q=60&w=3000&ixlib=rb-4.0.3&ixid=M3wxMjA3fDB8MHxwaG90by1wYWdlfHx8fGVufDB8fHx8fA%3D%3D,"[{'url': 'https://plus.unsplash.com/premium_photo-1731952275307-416815ca7c8a?fm=jpg&q=60&w=3000&ixlib=rb-4.0.3&ixid=M3wxMjA3fDB8MHxwaG90by1wYWdlfHx8fGVufDB8fHx8fA%3D%3D', 'path': 'A rocky landscape with grass and rocks in the foreground-16c96c307368f52ab286b9d8b7beb5c37e069404.jpg', 'checksum': '4346f01c9e53fcd7baa8cec9dd05873b', 'status': 'downloaded'}]",A rocky landscape with grass and rocks in the foreground
"memory card,storage,photo,photography,camera,electronics,HD Wallpapers",https://images.unsplash.com/photo-1719937206109-7f4e933230c8?fm=jpg&q=60&w=3000&ixlib=rb-4.0.3&ixid=M3wxMjA3fDB8MHxwaG90by1wYWdlfHx8fGVufDB8fHx8fA%3D%3D,"[{'url': 'https://images.unsplash.com/photo-1719937206109-7f4e933230c8?fm=jpg&q=60&w=3000&ixlib=rb-4.0.3&ixid=M3wxMjA3fDB8MHxwaG90by1wYWdlfHx8fGVufDB8fHx8fA%3D%3D', 'path': 'A person holding a camera up to take a picture-3a606e72d65d539976312e2477eb81a749ad99b1.jpg', 'checksum': 'bf2b2f2c1ecb8b8d7ee1687d79964ca8', 'status': 'downloaded'}]",A person holding a camera up to take a picture
"nature,Hq Background Images,HD Wallpapers,cloud,outdoors,sky,horizon,dawn,dusk,red sky,sunset,Free stock photos",https://images.unsplash.com/photo-1732024000259-b372b1e1a012?fm=jpg&q=60&w=3000&ixlib=rb-4.0.3&ixid=M3wxMjA3fDB8MHxwaG90by1wYWdlfHx8fGVufDB8fHx8fA%3D%3D,"[{'url': 'https://images.unsplash.com/photo-1732024000259-b372b1e1a012?fm=jpg&q=60&w=3000&ixlib=rb-4.0.3&ixid=M3wxMjA3fDB8MHxwaG90by1wYWdlfHx8fGVufDB8fHx8fA%3D%3D', 'path': 'A plane flying in the sky at sunset-b1dc5d50d96c17789fd8d9ba294f2e56decfd32b.jpg', 'checksum': 'c15a01fb9a617afef9484ec21674af4f', 'status': 'downloaded'}]",A plane flying in the sky at sunset
"aéroport de lyon-saint-exupéry (lys),colombier-saugnieu,france,airport,architecture,terminal,floor,human,person,building,indoors,furniture,lounge,walking,people,dagger,knife,head,shoe,coat,Public domain images",https://images.unsplash.com/photo-1732192548673-e08daf9595cc?fm=jpg&q=60&w=3000&ixlib=rb-4.0.3&ixid=M3wxMjA3fDB8MHxwaG90by1wYWdlfHx8fGVufDB8fHx8fA%3D%3D,"[{'url': 'https://images.unsplash.com/photo-1732192548673-e08daf9595cc?fm=jpg&q=60&w=3000&ixlib=rb-4.0.3&ixid=M3wxMjA3fDB8MHxwaG90by1wYWdlfHx8fGVufDB8fHx8fA%3D%3D', 'path': 'A group of people walking across a bridge-3d318675786e17db3e1eda27f9c405b9f42d5e4c.jpg', 'checksum': '35bcd6dc66fddb63129f3334c7b43dde', 'status': 'downloaded'}]",A group of people walking across a bridge
"pattern,transluscent,glass,elipses,circles,peach color,peachy color,bright,HD Wallpapers,Hq Background Images,texture,3d render,3d,blossom,dahlia,flower,plate,Free stock photos",https://images.unsplash.com/photo-1732198246934-f7973362f51c?fm=jpg&q=60&w=3000&ixlib=rb-4.0.3&ixid=M3wxMjA3fDB8MHxwaG90by1wYWdlfHx8fGVufDB8fHx8fA%3D%3D,"[{'url': 'https://images.unsplash.com/photo-1732198246934-f7973362f51c?fm=jpg&q=60&w=3000&ixlib=rb-4.0.3&ixid=M3wxMjA3fDB8MHxwaG90by1wYWdlfHx8fGVufDB8fHx8fA%3D%3D', 'path': 'A blurry photo of a cell phone with circles on it-d9b5349c67dbf9244f31788e85d58dc134b8df69.jpg', 'checksum': '5e4961be85b7ecbd951e1cfc2c63a53d', 'status': 'downloaded'}]",A blurry photo of a cell phone with circles on it
"confectionery,food,sweets,cardboard,letterbox,mailbox,biscuit,cookie,gingerbread,box,carton,Free pictures",https://images.unsplash.com/photo-1731580329222-9655f231d566?fm=jpg&q=60&w=3000&ixlib=rb-4.0.3&ixid=M3wxMjA3fDB8MHxwaG90by1wYWdlfHx8fGVufDB8fHx8fA%3D%3D,"[{'url': 'https://images.unsplash.com/photo-1731580329222-9655f231d566?fm=jpg&q=60&w=3000&ixlib=rb-4.0.3&ixid=M3wxMjA3fDB8MHxwaG90by1wYWdlfHx8fGVufDB8fHx8fA%3D%3D', 'path': 'A cardboard model of a house on a table-be19df256a9de7120ea5947ac6eebbbf9dda978b.jpg', 'checksum': 'e425ddd2afa8ac8d3acb030c42171e17', 'status': 'downloaded'}]",A cardboard model of a house on a table
"france,nature,les drus,chamonix-mont-blanc,Hq Background Images,HD Wallpapers,mountain,landscape,photography,alpinisme,snow,alps,mountain range,outdoors,peak,scenery,ice,HD Wallpapers",https://images.unsplash.com/photo-1732287932412-6bd1916b19cd?fm=jpg&q=60&w=3000&ixlib=rb-4.0.3&ixid=M3wxMjA3fDB8MHxwaG90by1wYWdlfHx8fGVufDB8fHx8fA%3D%3D,"[{'url': 'https://images.unsplash.com/photo-1732287932412-6bd1916b19cd?fm=jpg&q=60&w=3000&ixlib=rb-4.0.3&ixid=M3wxMjA3fDB8MHxwaG90by1wYWdlfHx8fGVufDB8fHx8fA%3D%3D', 'path': 'A snow covered mountain with a dark sky in the background-c40f4c378b671e5cfb2b543dc70b264804ede9da.jpg', 'checksum': '99ea15db2602a2a95592bba1f085f218', 'status': 'downloaded'}]",A snow covered mountain with a dark sky in the background
"ssd,laptop,internal ssd,electronics,hardware,computer hardware,computer,computer keyboard,digital display,display,lcd screen,monitor,screen,printed circuit board,adapter,qr code,Free images",https://images.unsplash.com/photo-1720048170996-40507a45c720?fm=jpg&q=60&w=3000&ixlib=rb-4.0.3&ixid=M3wxMjA3fDB8MHxwaG90by1wYWdlfHx8fGVufDB8fHx8fA%3D%3D,"[{'url': 'https://images.unsplash.com/photo-1720048170996-40507a45c720?fm=jpg&q=60&w=3000&ixlib=rb-4.0.3&ixid=M3wxMjA3fDB8MHxwaG90by1wYWdlfHx8fGVufDB8fHx8fA%3D%3D', 'path': 'A close up of a laptop keyboard and a small piece of circuit board-4aa8dbd88919d43aa03a991364755e3f0ace8918.jpg', 'checksum': '7fe3c4ddfc8e0d152cce5e184884f0de', 'status': 'downloaded'}]",A close up of a laptop keyboard and a small piece of circuit board
"resting,sitting down,chaps,cowboy hat,cowgirl,road trip,western,cowboy,Backgrounds",https://plus.unsplash.com/premium_photo-1730828574410-47e0ca956aea?fm=jpg&q=60&w=3000&ixlib=rb-4.0.3&ixid=M3wxMjA3fDB8MHxwaG90by1wYWdlfHx8fGVufDB8fHx8fA%3D%3D,"[{'url': 'https://plus.unsplash.com/premium_photo-1730828574410-47e0ca956aea?fm=jpg&q=60&w=3000&ixlib=rb-4.0.3&ixid=M3wxMjA3fDB8MHxwaG90by1wYWdlfHx8fGVufDB8fHx8fA%3D%3D', 'path': 'A man sitting on the ground wearing a cowboy hat-245e861520765e072c8f07408d50f60f4b4eaa40.jpg', 'checksum': '4b35a75564344f71a98264a8d0ef4ac4', 'status': 'downloaded'}]",A man sitting on the ground wearing a cowboy hat
